{
    "metadata" :
    {
        "formatVersion" : 3.1,
        "sourceFile"    : "cube.obj",
        "generatedBy"   : "OBJConverter",
        "vertices"      : 8,
        "faces"         : 6,
        "normals"       : 6,
        "colors"        : 0,
        "uvs"           : 14,
        "materials"     : 1
    },
    "scale" : 1.000000,
    "materials": [	{
	"DbgColor" : 15658734,
	"DbgIndex" : 0,
	"DbgName" : "Cube",
	"colorAmbient" : [0.588, 0.588, 0.588],
	"colorDiffuse" : [0.588, 0.588, 0.588],
	"colorSpecular" : [0.0, 0.0, 0.0],
	"illumination" : 2,
	"opacity" : 1.0,
	"opticalDensity" : 1.5,
	"specularCoef" : 10.0,
	"transparent" : true
	}],
    "vertices": [-2.500000,0.000000,2.500000,-2.500000,0.000000,-2.500000,2.500000,0.000000,-2.500000,2.500000,0.000000,2.500000,-2.500000,5.000000,2.500000,2.500000,5.000000,2.500000,2.500000,5.000000,-2.500000,-2.500000,5.000000,-2.500000],
    "morphTargets": [],
    "morphColors": [],
    "normals": [0,-1,-0,0,1,-0,0,0,1,1,0,-0,0,0,-1,-1,0,-0],
    "colors": [],
    "uvs": [[1,0,1,1,0,1,0,0,0,0,1,0,1,1,0,1,0,-0,1,-0,1,1,0,1,0,-0,1,-0]],
    "faces": [43,0,1,2,3,0,0,1,2,3,0,0,0,0,43,4,5,6,7,0,4,5,6,7,1,1,1,1,43,0,3,5,4,0,8,9,10,11,2,2,2,2,43,3,2,6,5,0,12,13,6,7,3,3,3,3,43,2,1,7,6,0,12,13,6,7,4,4,4,4,43,1,0,4,7,0,8,9,10,11,5,5,5,5]
}
